string;string;19.04.2024 19:22:19;registred new account
string;string;19.04.2024 19:22:19;verified account
string;string;19.04.2024 19:22:29;verified account
testacccount;string;19.04.2024 19:22:54;registred new account
testacccount;string;19.04.2024 19:22:54;verified account
test@gmail.com;string;19.04.2024 19:26:24;registred new account
test@gmail.com;string;19.04.2024 19:26:24;verified account
Ilon Musk;string;19.04.2024 19:27:29;registred new account
Ilon Musk;string;19.04.2024 19:27:29;verified account
IlonTop;string;19.04.2024 19:27:56;registred new account
IlonTop;string;19.04.2024 19:27:56;verified account
